alcohol,malic_acid,ash,alcalinity_of_ash,magnesium,total_phenols,flavanoids,nonflavanoid_phenols,proanthocyanins,color_intensity,hue,od280/od315_of_diluted_wines,proline,target
13.78569552,3.167685551,2.382876856,23.90242765,123.0997981,0.963063705,1.29772503,0.508234248,1.341726801,8.536699601,0.703281293,1.348552106,499.7040199,2
12.85657721,1.363601275,2.24174425,15.45644892,98.01394571,2.56396119,2.582312972,0.451641792,1.219779727,3.617608941,1.325236544,2.565235152,1020.193652,0
13.50571719,1.802268027,2.221456814,17.11838396,103.9949452,2.478185919,2.660606674,0.449038633,2.055073103,3.824902008,1.253398812,2.78641271,989.7572675,0
11.86652555,0.796417152,1.475812405,16.69045489,150.989006,1.672098708,1.383287643,-0.158366989,2.663070111,2.733089384,1.121754584,3.302833378,718.038252,1
12.83626093,1.646870294,2.069042813,18.84163605,85.78384296,2.381881647,2.688210853,0.447100044,1.935883432,3.911085524,1.342078822,2.782830286,714.163837,1
12.29983677,1.486326774,1.882553409,18.7290133,86.0633916,2.410343414,2.018025562,0.218967098,1.702985221,2.411412248,1.367749362,3.114289093,277.6733293,1
14.50693232,3.944589054,2.523084743,19.03052316,110.9671253,3.000681134,2.844823707,0.527587386,1.484521642,4.969657807,1.085219504,3.26801723,1079.893459,0
13.19180532,1.994576096,2.497410727,17.99284952,98.53375916,2.61884018,2.551369943,0.302989674,1.155835423,4.081214251,1.103484985,2.715885977,1104.945797,0
11.93922741,1.275649769,2.806409005,18.10886723,94.06932151,1.808449084,1.915631553,0.251205198,2.330394885,2.923500379,0.528587434,3.063978362,520.1304314,1
13.01982849,3.751506831,2.099291206,22.40016953,84.58848124,1.731534276,1.266307652,0.868843397,1.721105636,4.694618328,0.978708521,2.03898833,515.1384832,1
13.48751512,1.845131345,2.472690229,17.45573725,107.9980558,2.617575005,3.532003333,0.463046589,2.129171688,9.059305246,1.393085711,3.248460814,1260.287002,0
11.81826799,2.525064208,2.466767752,19.7464386,95.88968674,2.840351993,2.723747876,0.214803617,2.021821683,3.758819825,0.656071825,3.408209639,625.0609598,1
12.17728138,1.819912459,2.166964496,22.92951116,90.09844767,1.718888495,1.82376449,0.323670497,1.553926146,2.312687952,1.577309133,2.046971621,494.9827418,1
12.83356597,3.218274571,1.773366895,15.88313369,79.86215725,1.94273053,1.066584224,0.26786269,0.639310813,3.266758474,0.242928116,1.867463115,371.768993,1
13.89329954,3.26688851,2.912482644,19.96172848,107.2099655,2.080599832,0.148279576,0.661015681,1.077895222,5.452958588,0.895977545,1.735786926,679.9725302,2
12.3755631,1.307511617,2.08352064,14.96250289,135.7774506,2.332613774,2.359827209,0.452716707,2.791894329,3.486634995,0.986095548,2.059743687,749.6310983,1
12.43968387,1.281482512,2.293766663,18.97344594,87.02254389,3.947525426,2.903211053,-0.08369559,1.592383734,4.135561089,1.015278118,2.743531739,420.0809794,1
14.04553012,1.740451224,2.601673589,19.04294374,102.8448751,3.089845653,2.951705851,0.144799216,2.214687616,6.175860721,1.310326282,2.520193907,1060.205772,0
12.087215,4.678046069,2.503230099,21.40261675,89.2369537,1.337735812,0.719417282,0.665793835,0.573688712,3.821767206,0.757330479,1.266941881,720.0344107,2
13.20593532,4.942991806,2.44664118,22.44013749,93.24613815,1.882087536,0.537688637,0.478344804,1.314355497,7.80900107,0.395990712,1.591880447,725.0778788,2
11.68723519,1.067458669,2.789130215,20.11289894,93.82717303,2.819021188,2.835526428,0.075952735,2.372389408,2.397031834,0.639025678,3.534253423,680.1609005,1
13.79668679,1.486525435,2.970896307,22.54582751,101.1147495,3.33726035,3.104057235,0.509484996,2.275954297,5.176617212,1.110082476,2.847700285,1284.929718,0
14.37038604,1.555301039,1.806418533,16.95316407,95.35586318,2.178205041,2.691944264,0.384100379,1.89815116,4.960588733,1.18405032,2.941538972,1279.704745,0
12.7787858,4.073741729,2.247293838,20.88182329,87.97558541,2.330662307,1.277469562,0.721790339,0.981291826,7.528392994,0.542638945,1.648504764,520.1021178,2
12.56307515,1.991674778,2.191828897,18.57529383,86.07464945,2.445333175,2.712134017,0.045090334,1.766978477,3.705180303,1.199875576,2.992636242,713.9567223,1
12.0088846,3.837505401,1.970713812,18.42658634,111.9539396,1.304482698,0.978543812,0.368891385,0.857711239,7.914396837,0.816238768,1.923488902,854.8575193,2
11.967175,0.968867342,2.653172453,18.33032977,98.16090077,2.570970931,2.917757157,0.544700719,2.009831105,4.414555838,1.553519486,2.288003632,678.1196981,1
13.5837962,2.672823455,2.11942807,21.97083256,89.91290613,1.1426819,0.461031554,0.611703103,1.08795724,9.586417485,0.72948527,1.615827419,614.6806436,2
11.12953097,0.646048069,2.552162331,20.81933803,88.02742108,2.419105836,1.81422415,0.716794772,1.521540963,2.824857075,1.128882559,2.144321126,433.8432305,1
14.50134356,1.699567309,2.878004366,15.65200915,126.8639414,3.377137664,2.92469632,0.210149342,2.022990036,5.526473818,1.053209457,3.832162783,1064.983611,0
14.08488629,4.139508919,2.259850473,13.08185869,127.9829665,3.073515157,3.200964301,0.396306461,2.151342552,4.981542842,0.789410859,3.426391373,760.1642817,0
13.24847621,3.494028626,2.537772024,21.79448638,92.01753042,2.037320471,0.916117848,0.503061462,1.399668218,8.214529187,0.330977522,1.177098531,649.8724835,2
12.38810237,1.38648972,2.184013925,19.24262468,80.35678022,1.400464199,2.020523876,0.483911185,1.554818203,3.539552847,1.045138024,2.933100043,510.1565359,1
12.98028358,2.098637097,2.204323588,23.85901012,98.11543185,1.06175162,1.117245871,-0.024089097,1.151750016,5.691037859,0.757278521,1.107969413,559.9468671,2
14.14128463,1.595832809,2.261179691,16.80937477,107.7745317,3.379571777,3.71524271,0.427464563,2.063133333,8.58541113,1.264877304,2.944736187,1679.944151,0
12.56416934,3.711172771,1.901427375,16.13504912,80.0068226,1.416456489,1.302634651,0.617629746,1.215779746,3.221724188,0.648676156,1.900772482,372.201127,1
12.57093535,2.946240203,2.421622706,20.05185173,103.9432225,1.355635795,0.70669023,0.413476053,0.797804406,5.362972188,1.105387748,1.452126888,529.7113326,2
12.83131705,1.591309246,1.801299335,16.920733,99.79675721,2.469830861,1.190712925,0.090551639,0.646714166,5.892087578,0.763999712,1.666103798,449.8155473,1
13.03680485,4.942806556,2.175199923,22.14766886,92.84599969,1.593922772,0.349622285,0.74430781,1.547607346,7.79449212,0.201102686,1.56766946,725.3492357,2
12.63927926,1.378169142,2.649786186,29.91516074,139.0786127,3.246152265,2.79399316,-0.096530032,2.022223341,3.364716554,1.554250635,3.412015696,984.8703676,1
12.8095587,2.537879586,2.701968506,18.7181524,100.927424,2.827665411,3.170669127,0.516229827,2.761787622,6.06308562,1.173130894,3.463869639,1184.953575,0
13.68431427,1.698250781,2.510821514,19.36280751,105.8360103,2.925967666,3.591863212,0.082048316,1.887957152,6.612916365,1.123445709,3.105873426,1515.14847,0
12.78149795,2.969604068,3.030357943,23.72039291,100.9783958,2.48448959,0.778825726,0.411245274,1.176780048,4.781031261,1.081100251,1.869053363,590.0429101,2
13.47072893,1.563206062,1.980926109,24.12811632,87.00174133,1.483017538,1.580273801,0.141633424,1.277025365,3.484588124,1.405826233,2.845838436,471.9873207,1
12.4422733,1.0622297,2.063689257,14.76261601,136.1407299,2.29334532,1.691212698,0.431126828,2.796012127,3.151702395,1.376150083,2.511790939,750.0948084,1
13.30735676,3.218777132,2.423993532,18.41790273,98.1465075,1.746967525,1.014560381,0.270047627,1.710293959,10.6626143,0.447945619,1.484537634,674.9259912,2
14.04924914,2.018321597,2.580407511,14.68692961,100.7989623,3.313824654,3.629595935,-0.024198513,2.035344955,5.175095007,0.920120039,3.785262353,1095.147964,0
13.80801274,1.194619613,2.583537731,17.06209448,94.30445746,2.489286231,3.164656998,0.264436582,1.95722778,5.955945219,1.292706648,3.346870351,1265.183135,0
13.86523738,1.439525759,2.148999026,16.27413499,117.8572613,2.486807799,2.984411084,0.10240956,1.482043314,6.056431468,0.903288188,3.330962516,1059.692441,0
14.29791547,1.458073867,2.224442485,16.11227819,100.8788836,3.087508168,3.019119513,-0.085559162,1.820497545,6.129097942,0.844663336,3.374778939,985.0150651,0
13.38679072,3.569272581,2.448143183,21.98973064,91.85802604,1.949448991,0.592358968,0.237192492,1.008547303,8.119925924,0.176965315,1.487872428,649.896403,2
13.80517313,2.091771557,2.54653704,16.29119483,118.0869637,3.583834679,3.225529047,0.542475725,1.975791144,6.491514022,0.678644553,3.408432957,969.9851747,0
11.50817779,2.997010329,2.100934065,18.27137486,112.2329433,1.564878081,1.40755094,0.279714618,0.779230651,2.451867372,1.008247019,2.473888388,500.0129145,1
12.78980493,3.766245923,2.638535575,22.89856117,101.2889118,2.732058467,2.469190365,0.777482342,2.397319419,2.703461767,1.475418862,3.088805634,463.3084858,1
12.76759007,2.55866033,2.204510782,19.83109221,86.00866769,1.443689181,0.515787169,0.734342998,0.622240593,10.05275515,0.440593057,1.453148938,469.5211297,2
13.84008166,2.046636302,2.490744249,17.98837394,105.2518019,2.63974183,3.263849434,0.073829333,2.318595143,5.894248789,1.063934524,2.876644437,1509.849618,0
14.10505681,2.236582945,2.42837121,17.2871111,121.0108296,2.636414237,2.859514372,0.617892477,1.466935314,5.152241502,0.690003267,3.632482402,1294.698801,0
12.98192183,1.374378296,2.527473896,21.46131325,86.02874154,2.697659906,3.073666479,0.695470507,2.115419863,3.687246766,0.869166706,2.924873338,351.5683283,1
12.91182378,2.800266073,2.397794391,20.10447251,120.0469101,1.698654682,0.782779696,0.005558661,1.333275078,9.143899863,0.485846128,1.35503169,839.7915511,2
12.47656486,2.585019632,2.108628887,18.95234481,93.84548705,1.787631345,0.775068945,0.806705157,0.787495155,7.247843842,0.521970739,1.529139966,694.9315347,2
13.1677525,3.542852229,2.09247055,20.74030892,101.8752948,1.338078346,0.293552395,0.621605518,1.235106945,4.003047735,0.673971321,1.68781624,829.6815438,2
12.17999434,4.50498685,2.772864578,26.40196062,102.4222794,2.376151158,2.235557371,0.246549486,1.707847601,1.980108946,1.137439126,3.348728122,364.9632908,1
11.32724126,2.138147498,3.049859616,21.49787159,83.82627066,1.999770827,1.404923843,0.632806691,1.438231527,3.067027617,1.059240971,2.937031936,679.9405981,1
12.40583238,1.220865433,1.992268575,18.37421982,88.22207727,3.791181311,3.702766785,0.482587871,2.35047624,4.369329759,0.873469982,2.540202167,660.0351037,1
13.48042225,1.867311908,2.487075169,20.35607286,115.8290478,3.04459882,2.762201458,0.16298965,2.475089684,6.269596562,0.989321389,3.058752565,1120.13031,0
13.70126882,1.629208652,2.693004069,22.53279803,88.87336878,2.540867051,0.891053005,0.587278059,2.37877893,11.64701839,0.503572142,2.035935178,619.9019659,2
13.69336196,1.302294188,2.453237074,16.21048662,116.8678106,3.317313998,3.157414836,0.299830939,2.130778935,6.370445563,0.818136508,3.315097499,794.8749184,0
12.70158099,4.95298017,2.757253533,21.11916024,88.96334404,1.342141642,0.343959021,0.619546473,0.727771633,3.90770576,0.881623661,1.153279408,719.8317157,2
12.02842197,1.638737683,2.535786704,19.30301324,103.6762764,1.93494276,1.698159472,0.226709852,1.574387805,2.969766681,1.536078301,2.280959267,355.0951946,1
14.46498081,1.61706828,2.454329872,25.04815491,97.97365509,3.104878859,1.349016692,0.797228292,2.514323067,12.87083689,0.61012747,1.912004528,660.2732095,2
13.02060145,2.006814939,3.292013614,24.99189737,124.1368066,2.745778342,2.530808704,0.336261123,1.891584764,3.803496275,0.850446858,3.290498823,829.9265329,0
12.61081885,3.81166654,2.51472482,21.30713309,105.7537556,1.813302109,1.072312055,0.390293455,0.809577265,5.0649138,0.704303976,1.48017717,600.1371569,2
13.68746937,3.256954966,2.217120562,19.4979909,87.82344158,1.765778857,0.54084527,0.588989219,0.733170607,5.834286859,0.82014444,2.154282741,579.8702798,2
13.62875987,1.915727755,2.177041037,13.99945556,111.2485091,3.771212622,3.614358804,0.209434017,1.900129533,6.810095547,0.839684518,3.245831884,1189.708056,0
13.48872647,2.518599598,2.90264453,24.57313741,105.0973065,1.604011547,0.831021948,0.109383636,1.841385731,8.394992987,1.13990483,1.829247733,749.9726441,2
11.51342484,1.673029777,2.649562878,25.81822953,87.74824891,1.885224498,1.170685716,0.527068627,1.210981298,2.766412262,1.513618873,3.423575674,562.3856434,1
12.29787203,1.086674865,1.589312255,14.84019632,135.9461663,1.863610915,1.933935083,0.160776037,2.76605996,3.469199071,1.096864677,2.190974317,750.2357938,1
13.58469979,1.857745034,2.892501189,19.23872129,106.0768773,2.906692379,3.125959641,0.458508104,1.904330728,7.032925839,1.358626423,3.043413401,1514.850875,0
12.57911993,3.864825132,2.422243162,18.5763942,102.1841431,2.404417516,2.336319283,0.215952258,2.086462899,4.756327949,1.203422329,3.205628169,769.9815917,0
12.56290057,1.223810389,2.257174987,19.9946562,102.8170441,1.562789717,0.615619388,0.92360607,1.315153696,7.956953512,0.600520965,1.622320865,640.2305062,2
14.11241103,2.11453955,2.359205497,17.76897982,108.2694711,2.615526457,3.546337726,0.086925171,2.047514746,9.408798239,1.106527144,3.079027069,1259.940916,0
12.72575272,2.685795392,2.248719222,20.91132452,88.10896332,2.850759211,2.148463013,-0.048332964,1.018813201,1.721402302,1.261361558,2.857305485,325.4143386,1
12.00251555,1.211455311,3.23451157,22.53558009,83.86647057,2.444137635,2.135717775,0.549716679,1.172848983,2.772356778,0.542373501,3.29447512,384.7821906,1
13.67039667,1.896029962,2.110150945,17.68369482,107.7251292,3.255057828,3.551136907,0.39133015,2.093800182,9.185728415,1.160302673,3.488666038,1259.76921,0
13.55239891,1.545140807,2.349584916,20.94189791,116.3126786,3.148903412,3.120181716,0.223942421,2.536560408,5.755841459,1.143692343,2.765021915,1119.634318,0
12.91907896,2.293309038,2.650115805,16.75333299,102.0800271,3.227120996,3.209016215,-0.243566025,1.650002189,6.005204761,1.101490693,3.019935855,1269.992551,0
13.77397944,3.061563371,2.80497771,24.00271598,123.0336351,1.233576764,1.348227548,0.121466276,1.037384172,8.692237268,0.756970576,1.515406964,499.7424306,2
12.2186661,1.760001602,1.867521828,22.82351488,90.05695815,1.478491765,1.246160738,0.470555143,1.610156633,2.103258051,1.235194927,2.692058754,494.7560999,1
12.69859339,0.614875881,1.463324611,16.18220524,85.80207933,2.22163323,1.948696554,1.008339562,1.912491937,4.527070379,1.118516426,2.537241963,391.8241717,1
13.07398417,2.061736966,2.913412878,18.60389879,100.9480522,3.015476657,3.27678053,0.756445453,3.00044847,5.681792651,1.238016039,3.15861591,1184.677531,0
12.18144372,1.070990646,1.931375082,14.9503654,136.0622345,1.555663172,1.866344146,0.20171775,2.827980388,3.400120178,1.005320906,2.742904233,750.0853102,1
12.79350758,1.455544686,1.933571301,18.6709261,87.73396878,1.558787763,1.448228077,0.476317605,1.362444824,2.535431167,1.205895402,2.792444212,561.8604268,1
11.3562609,1.109412122,2.524410978,20.11002174,93.61486421,2.750094265,3.0725918,0.197766697,2.905370615,2.561754993,0.957801193,3.446075595,679.9568303,1
13.90620061,5.58965691,2.388588252,20.3085035,95.10999938,1.301797187,0.768942753,0.229009544,1.042954902,7.564725203,0.963554319,1.5772814,739.7334493,2
12.46324924,1.242301764,2.171881154,16.18295837,84.99569849,2.36862902,2.442047145,0.236540638,1.747347227,2.79851609,1.163770478,2.728282238,427.8697235,1
13.11809566,3.127024565,2.527483785,21.97594058,105.8503276,1.858438386,0.786862616,0.405716543,1.06137598,5.488178217,0.671779932,2.056028745,569.8779041,2
12.11573301,1.030613406,1.771006309,17.02647568,151.2572935,2.066550322,1.348644876,0.142258787,2.572710417,2.763821575,1.203102757,3.349625402,718.3541875,1
12.51921205,5.200181414,2.770360385,24.86182804,96.21383808,1.79517928,0.354940218,0.805974618,1.467785374,4.973931009,0.599418863,1.908685562,514.7367433,2
13.20194199,3.980755464,2.284582419,23.21438972,102.0190701,1.749541614,0.844052766,0.490294026,1.409318796,7.047896717,0.679842578,1.278770207,749.8395333,2
13.98567543,5.002760145,2.135118083,20.04987294,79.93960555,0.926142999,0.634381376,0.355708056,0.530269168,4.902069757,0.607154967,1.488638778,414.7411683,2
13.68796165,1.784007788,2.730978623,15.30580419,100.9510959,3.07548395,3.640079729,0.237662081,1.396656015,5.286072751,0.666838979,3.368699969,1094.949715,0
13.84463664,3.839291216,2.578379038,22.85541513,101.9617578,1.961505222,0.98545148,0.39709565,1.366603423,7.220242762,0.227107319,1.442311477,749.6194479,2
13.41303648,2.000497978,2.802743745,19.00145697,109.7519944,2.398607872,2.720168324,0.282423512,1.190456228,3.777063465,1.289880761,2.645508982,1095.086508,0
13.06199004,3.570562598,2.386231352,18.30386038,106.1273449,1.258189159,0.730422871,0.034588284,0.396222267,4.967372509,0.873988741,1.736197507,674.9855783,2
12.9105762,3.587762613,2.432442184,21.33461456,106.1947866,1.638396185,1.166596636,-0.045561389,1.084429182,4.809917271,0.813080002,1.153918996,600.061364,2
11.71697967,1.844368754,2.357199708,18.16050481,81.05611662,1.741809953,1.708797373,0.534058642,1.923395978,2.173656605,1.003076519,2.137726395,479.6049474,1
12.6077363,1.33758272,2.225022174,19.09872331,86.92451403,3.418191628,3.151607959,0.152646982,1.516501725,4.150264365,1.09384734,2.795463529,419.8245466,1
13.00545598,2.811620429,2.730117731,20.73200419,96.120905,1.184108096,0.294162708,0.477105383,0.755555839,3.863388813,1.111381648,2.31939097,600.0983542,2
13.98864255,4.769885598,2.528113871,19.76382108,79.66483623,0.989199,-0.035768821,0.268108395,1.061552705,4.925864402,0.604632493,1.412072576,415.4582303,2
12.55117152,1.087302735,2.61996064,16.28659196,100.8617427,2.0002318,0.99516045,0.410432492,0.470926717,3.132785752,1.202478341,1.265418793,679.6063689,1
12.77306724,1.070711401,2.109729253,17.5697844,85.07381583,2.242905008,0.613921565,0.981046352,1.108594752,5.395048004,0.961515629,1.403260228,649.7969555,2
13.82554971,1.350330678,2.81443149,22.2346433,101.0120212,2.631130587,3.020976062,0.391580136,2.346443303,5.850076671,1.200772741,2.837315372,1285.205939,0
12.23085392,1.378350986,1.868234024,16.87090732,150.9749785,1.947410024,0.738985966,-0.081224487,2.695551916,2.766522181,1.156616781,3.312703679,717.9227601,1
14.5380664,2.012810428,2.412940254,16.76548487,112.937566,3.559989083,3.576992326,0.48261871,2.223006127,7.734105717,1.142264464,3.408862237,1480.038212,0
13.97600529,1.690863602,2.410033852,13.91365105,111.2512579,3.757369632,3.598950498,0.260773948,1.583696714,6.876828699,1.134904938,2.842268852,1189.892628,0
13.29757578,1.692591581,1.813520261,17.02381605,107.2466338,2.798702595,2.961889057,0.292172703,1.918604368,4.748366499,0.740392136,3.167772775,885.2484801,0
13.26940442,1.77937517,2.697456456,15.4090506,109.8596024,2.879618064,2.601212296,0.191095358,1.422607194,4.260223688,1.066428847,3.159258675,879.880597,0
12.43444819,1.39491948,1.657020356,20.81304265,103.0452909,0.962084891,1.051990738,0.572529986,1.51238503,2.921827688,0.971588108,1.670144499,869.9742616,1
12.27118932,1.727335745,2.028144733,18.98078,162.0837309,2.587789289,2.223540683,0.331392874,3.303409521,2.674528941,0.934192598,2.607974732,937.1804283,1
12.85183309,3.823201247,2.671939398,18.69653927,101.974918,2.60585065,2.533124948,0.351397663,2.030899132,4.580261866,0.779020175,3.601820806,769.7203685,0
13.91192862,2.793310098,2.289859751,21.8964887,89.91474033,1.321061445,0.744502563,-0.035325378,1.194569686,9.664408587,0.61974588,1.527684626,615.1894462,2
14.80640887,1.770605109,2.449718728,11.37819621,91.0087183,3.480512435,3.733225854,0.523134943,2.647405021,5.18835409,1.515899371,2.737554785,1149.820811,0
13.15466989,0.836041905,1.724733908,15.65994121,85.85919636,1.695937025,2.188880828,-0.038102156,1.307082358,4.525780615,1.346646514,2.610854984,391.7586276,1
13.45191181,4.370566762,2.088497231,22.88787929,88.29219145,1.38317939,0.113743744,0.693618622,1.463776533,7.108834596,0.515009147,1.818246024,520.279888,2
13.3354762,1.697657494,1.967359495,15.979526,93.20618606,2.722843214,2.878148264,0.053339095,1.860668291,5.046938076,0.813688425,3.383311257,1195.078152,0
13.98938153,2.617647172,2.427936032,19.46568486,91.04115332,1.800446194,0.649330496,0.178752549,1.109710022,9.985633176,0.640677916,1.505100292,660.1165437,2
13.72149783,4.16491393,2.259593906,19.93445931,119.7470376,1.696396127,0.757533852,0.405820151,1.564273868,10.14812409,0.614839083,1.412139738,835.4048854,2
12.01284451,4.353424486,2.095977506,21.28831238,81.75591241,3.090655646,3.059476216,0.090081036,2.73192891,3.047169979,0.710549861,3.872751149,380.1203087,1
13.80252567,1.733676181,2.309555849,20.5704829,100.0389004,2.830762266,2.599750243,0.308935621,1.960711656,5.29675293,1.358325724,3.323115251,919.8692286,0
12.23016143,1.903421892,2.873787096,22.54585643,89.84781049,1.970895527,1.544353969,0.630076446,1.80497499,2.779639871,1.541744599,2.150608551,495.0862419,1
11.89854386,0.779016242,2.532860885,23.84096029,77.94989044,2.064656944,1.34247936,-0.055454483,1.430466449,2.185753777,1.224214645,2.551491125,629.926797,1
13.82115331,1.743854945,2.830545263,17.15678967,115.1345858,2.867051431,2.446820732,0.361635527,1.640062871,6.408289674,1.619785802,2.885254151,1374.982378,0
14.24192565,1.823101943,2.438469166,14.28727599,95.85579936,2.516979782,2.363502984,0.220871547,1.939589141,5.252376469,0.990521048,3.734072899,1289.872294,0
12.74720456,1.601815993,2.388336129,18.97830241,162.1825634,2.772316807,1.894451211,0.266503597,3.365105337,2.88906451,1.097626939,2.646907948,937.2761386,1
11.75506818,4.32681259,2.294066387,21.07994652,82.05079232,2.989519199,3.043099614,0.441416739,3.616120967,2.878841522,0.858568591,3.394339432,380.0582075,1
14.45837659,1.339407021,2.837613628,25.13706635,98.04868984,2.806048619,1.268672596,0.51690317,2.841608393,12.73517957,0.609920671,2.112331247,659.7492096,2
14.37680465,1.663451237,2.485840772,11.99485168,102.2598295,2.970194677,3.598730159,0.26047183,3.004800788,7.44538097,1.33407444,3.191940494,1547.208622,0
12.69988752,2.164082659,2.334454248,24.03171989,97.74252875,1.4620921,0.942340826,0.349460537,1.237697864,5.717922273,0.77224894,1.329512134,560.275552,2
12.71412756,2.859113087,2.135650588,21.20089015,87.87038556,2.697573109,2.270808062,0.264712886,1.31910986,2.267751038,0.948279944,2.673353319,325.3858993,1
13.34704524,4.100831165,2.12390716,18.88620985,89.95113689,2.120291348,2.888085382,0.327191188,1.963717882,3.965813415,0.993427028,3.226781673,1034.70298,0
12.45149991,1.3644126,2.111884518,19.27475922,91.78990016,2.002921344,2.002327275,0.488346851,1.667168001,2.874228212,0.693868789,2.962194025,311.970467,1
12.6137101,2.709015162,2.735374216,27.01251598,96.98171043,2.083434746,0.298573908,0.375410148,1.150815704,7.294586002,0.636473601,1.987747089,880.0695377,2
14.18521616,1.842007901,2.410503912,16.13313202,118.1218236,3.521306562,3.241042874,0.003496155,2.281228906,6.275443126,0.756736408,3.264183845,970.1948237,0
14.09761563,3.342590603,2.657607469,15.22009115,115.6696009,2.771302696,2.779959537,0.612691845,1.684122115,5.161737981,1.121326744,3.280630255,845.1775921,0
13.67528938,3.730927024,2.276960716,23.00761363,110.8216647,1.428622402,1.311160773,0.787055904,0.985875579,10.67655314,0.784196789,1.702197852,695.0923326,2
11.87938393,3.223237144,2.076136411,19.42985076,96.27884908,1.273614373,0.803079774,0.074833692,0.810825916,5.77960125,0.680080853,1.697978259,509.9202102,2
13.55738274,1.990808344,2.71892552,20.25024771,95.79710523,2.356690218,2.491352633,0.412069808,1.376244369,3.741066086,1.447696073,3.756745025,845.1302284,0
14.6489454,1.71380333,2.277255753,16.33509839,117.909607,3.335110455,2.936623335,-0.029095582,1.915685747,6.299264838,0.869932902,3.159132057,969.9317038,0
12.92901162,5.114404563,2.39573181,21.86861441,92.8357529,1.393700732,0.758395767,0.355799483,1.811746165,7.759687761,0.699195747,1.460148025,725.0396052,2
12.90102696,0.756108543,1.786143247,14.95191403,78.01067269,3.082559059,3.174210456,-0.086211001,2.417394696,5.270578918,1.065393188,3.184856946,501.696234,1
11.69571172,1.798384003,2.138967553,20.85185773,86.02402667,1.965999676,1.675168016,0.455856007,1.563633088,2.131718985,1.268371448,3.131379064,495.1539009,1
12.85186662,3.219509856,1.975744005,19.92862773,104.2617516,1.433492099,1.255616738,0.272351991,0.758241498,5.516915263,0.545426769,1.983796749,529.8649158,2
11.83679204,3.615672439,2.111893358,19.45308611,106.4970141,3.165980939,2.944975542,-0.125501767,3.367903576,2.957062896,0.809637709,2.407187337,562.2515568,1
12.0907064,0.921142666,2.654221579,23.65338605,77.62214613,2.402303834,1.80594057,0.590975768,1.645299231,2.061231437,1.454813693,2.729361443,629.5198032,1
13.88171442,1.524577521,2.256992198,17.35657521,94.22927656,2.376188955,2.967019877,0.018948776,2.187151935,5.408162967,0.971842889,3.494962824,1264.739973,0
13.48446503,3.527379572,2.282951729,19.5516374,88.16791086,1.559291663,0.138867883,0.567012545,0.756189345,5.642362938,0.606046772,2.177419244,579.8608686,2
12.99653687,1.474437689,2.454450041,17.75985067,98.28262738,2.383408338,2.165215473,0.165206855,1.667668114,4.246792579,1.104680212,3.017979083,1105.104181,0
14.81528953,2.068421765,2.519234884,19.77425346,120.0806301,3.358084002,3.243961227,0.510850916,2.071536931,5.623056532,1.3249425,2.578278548,1279.602054,0
12.33333483,1.361540678,1.636091442,16.07818104,84.90396215,2.495890255,2.651675426,0.208938895,1.791027193,2.685877442,1.085513599,2.783042862,428.1461789,1
12.39671719,1.764455169,2.401133935,20.42802227,102.8443866,0.79172456,0.861002189,0.53938814,1.397133423,3.13411581,1.149359237,1.948755833,869.9731743,1
13.84050043,2.21032586,2.58726379,16.7916476,115.2055672,3.022236932,3.005750608,0.498099979,1.628237454,6.273663096,1.227093303,2.853066989,1374.970629,0
12.76766416,0.837299939,1.988141925,16.03753903,85.84427176,2.132187874,1.997493859,0.192293641,1.529299617,4.702094249,0.617451124,2.462149484,391.7790465,1
14.18552961,1.394180374,2.207688883,16.59235469,108.2153883,3.221651903,3.839861753,0.28686252,1.735424913,8.640618706,0.804084489,2.779979332,1679.800127,0
13.49102054,2.193857926,2.583814122,19.09594005,109.826028,2.643082077,2.303110443,0.357473389,1.787550404,3.958559312,1.386377327,3.044904097,1095.027023,0
13.75774863,3.916105949,2.581832367,24.493572,96.12742294,1.980685234,1.12526272,0.761235417,1.34081119,9.375834197,0.802018955,1.59495721,560.1109248,2
12.15955145,1.580441555,2.256371425,21.03342809,80.3422167,1.273472911,1.563609833,0.795643858,2.000946969,3.217457493,1.214462967,2.16292335,494.6562599,1
13.94676178,1.785139398,2.540713988,16.477297,108.151634,3.31292732,3.848978929,0.251113813,1.935037178,8.428210257,0.72384783,2.593810117,1680.050427,0
12.82075618,1.367212863,2.523986813,16.71502028,99.89111937,2.079287592,1.391674636,0.599064951,0.490783762,5.723070519,0.94253711,1.453375087,449.660911,1
12.48744018,2.523157203,2.532998858,22.37433705,112.2254361,1.251606709,1.206010859,0.220354578,1.132981428,10.74708765,0.597289469,1.648012867,479.8532507,2
14.31649127,3.936660879,2.487705837,13.00883881,127.9346412,3.288442717,3.081310147,0.127811333,1.909529138,5.236417271,0.766398011,3.366558216,759.918428,0
14.02886371,1.676676241,1.906005242,15.84130764,95.79988067,2.726633686,2.406629053,0.148759215,2.008892458,4.655825951,1.312838646,3.850074226,1035.282217,0
13.43300116,3.84078761,2.453006652,23.26282141,111.0428464,1.430638701,0.747937653,0.832142968,1.266983474,10.37918011,0.60635977,1.352115107,694.9294261,2
13.00158913,2.773941406,2.928489884,20.74269885,117.9869064,2.983792149,2.703794037,0.173658047,1.971093507,4.4805789,1.193624871,3.014087179,735.0753902,0
12.87283177,1.890485942,2.06473909,18.75887677,85.93073928,2.62686011,2.652040632,0.1833152,2.117579333,4.030956098,1.30918933,3.463820613,714.0135104,1
11.75118847,1.943312244,2.919746649,28.43634493,92.06165325,2.275348499,2.225866827,0.486700077,1.823590491,3.145721992,0.861900953,2.184358618,465.9855241,1
11.92638141,1.92216583,2.100188,17.45179652,97.15471776,1.893594367,2.259454858,0.517879149,1.493295481,2.95624709,1.420452804,2.64258798,710.0844102,1
13.63200603,1.267757246,2.692902973,19.17057367,132.0291696,2.93340265,2.284939024,0.481629583,1.596611609,5.48942011,1.356519231,3.269547453,1234.815675,0
13.85975505,1.402383358,2.100921324,15.88160761,98.00377433,2.993361182,3.269523357,-0.09068201,1.648796041,7.638748261,1.191911025,3.612677447,1044.993611,0
13.10728889,1.803622823,2.556396592,18.22945552,95.26842199,2.304553282,2.216174195,0.432238379,1.478192124,4.227329195,1.403606292,3.611841664,1014.8546,0
14.50335118,1.762484063,2.552967075,11.42644372,90.6350828,3.245162728,3.488058862,0.24551753,2.863110353,5.583575637,1.364425149,2.456446145,1149.823214,0
13.52839843,2.871554871,2.856235015,23.99441722,122.9433785,1.172276017,1.582662192,0.176543999,1.322998085,8.598521457,0.62826858,1.216850012,499.9760699,2
13.5545036,2.66355549,2.330516018,21.96450922,90.28419093,1.284346533,0.763976873,0.655982956,1.013466621,9.930913228,0.582267016,1.798107996,614.7101375,2
11.4657125,0.667649095,2.430687489,20.55929381,87.79388307,2.463215692,1.946271258,0.809343638,1.251496799,2.785704541,1.206725805,2.367320386,433.9322169,1
13.10939128,2.436988678,2.100530669,20.33518628,119.9916723,1.698070164,0.693262484,0.393377697,1.454380641,9.351003954,0.51281136,1.652792461,839.5519522,2
14.89026478,1.546446854,2.17192877,14.32093768,97.10439134,2.85951748,2.928315878,0.314024977,2.292168877,5.105849841,1.341368636,2.71289599,1044.868754,0
11.91525998,4.174205451,2.702366465,22.02766117,79.89486582,2.000232469,1.999842366,0.465646881,1.093474181,2.574266442,1.086952503,2.476127156,579.9954256,1
13.06649081,1.556350006,2.482941197,23.33597853,87.26623006,1.720023393,1.813964489,0.477194801,0.970270355,4.034998876,0.610903509,2.83636552,472.0622036,1
13.13412832,3.946624782,2.348866121,21.55830904,113.3152013,1.133774724,1.527103267,-0.028563816,1.011723457,9.070492762,0.47907794,1.022718272,550.352789,2
12.85925755,3.579215999,2.634891703,21.57841659,105.7593806,1.783382919,1.015294005,0.381325127,1.068245048,4.741046303,0.864999243,1.151900802,600.0478149,2
12.64809495,3.461299018,2.443103824,18.63952577,105.91013,1.301222346,0.909907931,0.309266911,1.155538172,5.26891117,1.022737588,1.427251885,674.9027696,2
11.68310786,2.104425506,3.171909452,28.73751348,118.9722297,3.074718838,5.339916879,0.530237872,1.605370434,6.090000726,0.828541767,3.554848254,465.2459184,1
12.00095046,2.051244101,2.464745595,18.50563043,81.13972344,1.848882576,1.378233105,0.449175039,1.511227963,3.015133533,1.31398764,2.47533763,480.2757722,1
12.80711255,1.213226619,1.88544663,18.15925972,87.98875727,1.558723005,1.490848294,0.22505275,1.092409133,2.932850772,0.940692101,2.83109835,562.3377665,1
13.86594126,1.549899735,2.685433995,15.17742611,112.082967,3.32332131,3.823648294,0.691688162,2.324999655,7.069177544,0.61026823,2.923576825,1449.637926,0
11.76259419,2.853801909,3.25584989,20.1523527,102.8860882,2.145685069,2.296166022,0.524349663,0.820894419,3.942424436,1.691495179,2.1635275,607.1313271,1
12.6374121,2.471442251,2.567352191,23.69260524,98.11099108,1.088774416,1.015999581,0.241676508,0.620924756,5.621998723,1.088909775,0.970765987,560.0035113,2
12.36022128,1.479307585,2.353187172,20.55788925,103.4158337,1.021122936,0.650718695,0.212587823,1.352969731,2.889989789,0.787071982,2.014473777,870.2833798,1
12.25431893,1.722533273,2.205972253,21.02402129,84.72052334,1.945479161,2.093522516,0.489554925,1.402340106,2.600000015,0.963853426,3.378273356,671.8139472,1
12.10283883,1.167527631,2.507388526,22.48083091,84.03088685,2.685113466,2.191103269,0.450371299,0.990491342,2.593473264,0.827481865,3.408229417,384.9000569,1
12.37386632,2.710331628,2.298872515,21.75152626,89.79732774,1.430168789,1.922272826,0.574787056,1.412870458,2.757700695,0.831147477,3.56204494,314.993232,1
11.89879914,1.615304609,1.985050448,20.82826582,86.00528553,1.873971118,1.460865944,0.480215545,1.999293068,1.915230472,0.96089035,3.341749715,495.4218455,1
12.65909729,1.653708815,1.639135977,20.66440921,85.0905604,2.205234635,1.801632747,0.519261268,1.533163366,2.933560159,0.81065136,3.701140983,671.926181,1
13.4393157,3.76468058,2.327486737,19.95493567,120.0083583,2.009622181,1.067788742,0.217521047,1.462539619,10.52473336,0.627167055,1.207785161,834.7273588,2
12.62094327,1.250764678,2.200853054,20.49418321,80.0208404,1.494537191,1.377179613,0.59236344,1.552689956,3.201960052,0.594340999,1.949899811,494.8254024,1
13.73075866,2.156843237,2.439326573,17.69348094,120.8603317,2.857747831,2.022555363,0.228309729,0.954474836,4.866946636,0.857242008,3.68956158,1295.207386,0
11.70266059,1.307553448,2.432555363,23.96931334,69.62631648,2.228753349,1.673640278,0.5217511,1.281809928,1.383709269,1.093100983,3.283393839,625.2100275,1
13.0453645,1.508961276,2.204958113,17.16987301,107.5603836,3.21049142,3.008512347,-0.008737334,1.742834433,5.002685009,0.75478719,3.267313208,884.4687204,0
13.9254492,1.739226602,2.726134686,15.32290137,100.8028356,3.235075351,3.612264231,0.091073893,1.780906498,5.39275364,1.007569342,3.529634959,1094.948571,0
13.95744138,3.929694431,2.698431287,24.44887402,95.88399058,2.014997071,0.693056561,0.525218629,1.354460762,8.852562941,0.844843579,2.038104305,559.6667264,2
11.6854047,3.3406085,2.213377729,18.96267375,86.94274601,2.260490965,1.677851657,0.524048831,1.930352442,1.219687478,0.759273947,3.075916663,564.1302959,1
13.07507744,1.943464155,2.52175577,20.10679669,96.54696353,2.827267829,2.773159881,0.221979402,1.591518109,3.801278503,1.623618513,3.718014575,844.7969084,0
12.55829173,1.047371252,2.467410849,23.97722651,77.80386182,2.118636603,1.602112348,0.16274285,1.321661021,2.126101511,1.392430917,2.58270376,630.3069538,1
12.74727812,2.822165251,2.327765433,20.77847389,96.26343984,1.622069583,0.34901199,0.457114235,0.707776962,4.896701306,0.432644774,2.339153788,599.7814903,2
14.09672313,2.19617569,2.894157458,19.59896217,107.1864202,3.089533501,2.882395896,0.44450739,2.027558098,4.615819216,1.05073983,3.527641026,914.769331,0
13.29482034,4.202279292,2.231997948,17.73972796,103.0293078,2.991787116,2.318541937,0.317921961,1.727037799,4.505113904,0.79334194,2.758048031,680.1997041,0
13.69871551,1.945358182,2.914017515,14.82911363,101.0969933,2.909184145,3.375405063,-0.047713733,1.05004964,5.318356095,0.909652045,3.35127162,1094.855514,0
13.251291,2.095795682,2.836663449,29.87071551,139.3280489,3.034856437,2.79882861,0.202589696,1.863294106,3.344761869,1.597001783,3.374741929,984.599169,1
12.67214747,3.566066302,2.739926876,19.13478318,87.72388904,1.57929754,0.325678074,0.217524344,1.222650139,10.40864887,0.862291779,1.508009465,685.091941,2
12.28042144,2.885639575,2.489085955,17.80236232,88.22385699,2.435668196,1.820426138,0.322114178,2.043908026,2.029024742,0.921616451,3.197687469,290.2539966,1
11.92234225,2.103279953,2.612838995,21.76876791,84.06044125,2.126021922,1.531309003,0.308312443,1.514290105,3.126005559,1.182187188,2.855609019,679.6623978,1
13.14170429,1.061997196,1.656415251,15.15961753,77.8100276,2.873303918,2.958214363,0.460878392,2.265072419,5.017122883,1.401142253,3.14270002,501.9675074,1
13.77911694,1.546386111,2.348526198,16.71397416,94.8312143,2.122720146,2.849788013,0.201293808,1.960290933,4.971493438,0.758832826,3.158733158,1279.861545,0
14.03822786,1.981004568,2.423430722,16.10456112,125.8342402,3.399254336,3.091193079,0.084054746,2.345826396,5.767910394,1.061698613,3.823428371,780.0284838,0
14.53258544,3.870761118,2.57453793,18.96639546,111.0175735,2.931117276,2.493003231,0.398362467,1.257792228,5.172535307,0.59374225,3.278145556,1079.781094,0
13.9432077,1.708485293,2.322270495,15.29089022,127.1443762,2.973741019,3.343263211,0.193350891,2.138534429,5.451647838,0.851688494,4.015175225,1064.841749,0
14.22288039,1.696427731,2.573987363,14.61536472,96.2144377,2.602234906,2.710487676,0.265066565,2.063209228,5.126249423,0.978408845,3.460054607,1290.031494,0
11.4455739,2.374090971,2.615446403,19.84645717,96.23759702,3.041181239,2.869008363,0.434164397,1.7550412,3.369873437,0.997252203,3.259030525,624.6829947,1
13.19765768,0.706476965,1.718321557,14.6313745,78.37210908,3.202604593,2.834287207,-0.081422173,1.910233681,5.36186442,0.885632113,3.224303408,501.8774963,1
12.19032055,1.525758214,2.262834018,22.91518907,90.03257176,2.064837075,1.662273158,1.174757416,1.769392278,2.234284709,1.279460185,2.635459071,494.9744559,1
13.52688717,5.702171964,2.615507653,20.58951983,95.09565232,1.660976296,0.396950083,0.406074829,1.007763643,7.620517489,1.050056193,1.825089339,740.0318833,2
14.0313042,4.082937315,2.451531376,24.72151839,95.86771464,2.331741707,0.519686214,0.772629375,1.153828654,9.083684246,0.203584955,1.535934572,560.2301754,2
12.88548839,3.058789368,2.453841219,24.09816482,101.2441305,2.230918987,0.481703688,0.301480134,0.679967425,4.668736907,1.055867992,2.235528048,589.8132084,2
13.38768174,1.703691115,2.784277807,22.553198,89.00933531,2.896086005,0.690981694,0.651699102,2.556720531,11.73357762,0.65678307,1.832931721,619.8683023,2
12.78285508,3.897299606,2.412300163,22.40104144,85.13056702,1.482794629,1.467136168,0.743880091,1.549122152,4.974556228,1.063320055,2.159557189,515.1657826,1
13.24301589,2.147231371,2.424678732,16.24832202,117.0320971,3.084508355,3.508752525,0.150163333,2.192468879,6.662455402,0.350443583,3.28299029,795.1449933,0
12.67306298,5.694372274,2.402914824,25.49405433,96.15126125,1.925805257,0.324332612,0.734956342,0.919390857,4.911339276,0.590216577,1.844335225,514.8051358,2
13.6034736,2.007264529,2.839747785,17.10141902,111.8665356,2.791787417,3.050486179,0.320802174,1.391309027,7.092323734,1.15378754,3.119843348,1310.004217,0
13.39682374,2.800801379,2.394085164,20.29122832,88.79726191,1.1932686,0.44902307,0.575649619,0.589821258,5.434814847,0.849724754,2.524713651,779.9274349,2
13.06198836,5.689249922,2.41461404,21.33028049,85.79674122,2.664804046,2.548339027,0.065467424,2.250034958,2.55722736,0.882355503,3.127258413,380.1039032,1
12.80144688,4.005564336,2.558843108,23.19752733,101.1511026,2.999237994,2.833299982,0.582862143,1.981327477,2.580608132,1.250485296,2.980984657,462.6692298,1
12.74923226,1.519922425,2.663228168,17.73631813,95.18874082,2.308106371,2.180181773,0.15260697,1.314879861,4.124789289,0.875349114,3.479690458,1014.555436,0
13.43884655,1.480083925,2.681676682,17.59748772,112.032493,2.773212612,3.353912082,0.182538277,1.532313723,7.126498595,1.321924896,3.344958875,1309.75306,0
13.13253606,3.870576893,2.17857739,17.60971436,103.0026547,2.712065589,2.482052693,0.518186072,1.835486858,3.958682133,0.936068468,2.856459546,680.1418935,0
11.79179249,1.796701815,1.6650357,19.64257171,86.08799635,2.541386664,1.438262052,0.603472523,1.167464109,1.837133031,1.051854328,2.239491461,415.1630155,1
13.88748493,2.010472207,2.644149537,20.12336134,115.180863,2.980221403,3.251378644,0.128968725,1.647884186,6.484978618,1.28067254,2.870114167,1130.161868,0
12.66889515,1.277325059,1.883758118,20.6407193,80.29115691,1.619342526,1.476789465,0.048358228,1.49033053,3.259850017,1.029230651,1.829046747,495.1256286,1
11.99043082,1.307457574,2.204352439,18.76919512,91.76901181,2.398851842,2.153238081,0.528563778,1.843341327,2.3063075,0.811036913,3.089996194,312.1080961,1
12.65244948,2.74159917,2.697928479,21.90710028,112.3850015,1.581653329,1.574100315,-0.021964942,1.186130537,11.01430677,0.130470565,1.69756997,479.9499356,2
13.20548061,1.436370399,2.639606761,15.8707446,93.16460337,3.072505896,3.159130764,0.268130111,1.371549304,4.884040741,1.034193934,3.048137295,1194.850474,0
13.47943767,2.053458496,2.499196353,19.97479967,95.88895632,2.361533676,2.800972749,0.268006746,1.437398531,3.308187809,0.97347171,3.68672091,845.1496291,0
12.55824784,5.43826118,2.64888533,25.07143336,96.33493545,1.702332664,0.831952821,0.360909623,1.305835583,4.970132605,0.607152233,1.878397234,515.1197,2
12.07063937,4.262038641,2.448199623,21.08985824,81.87558652,2.675764172,3.122104753,-0.001899767,2.73824004,2.721088303,0.477327614,3.633028589,379.9222332,1
14.16095463,4.272608671,2.641456218,19.62723337,89.34757608,1.635826683,0.708246333,0.378188814,1.72286881,8.953000763,0.588471698,1.397446592,479.6725977,2
13.40000494,1.526087228,2.701953342,19.43894878,131.91785,2.810650681,3.157216938,0.621241261,1.305852105,5.642726532,1.050957873,3.497034875,1234.701615,0
12.84613526,1.259510965,2.553474755,18.42516118,121.6014947,1.513264724,1.453097591,-0.052282525,0.872480305,4.025003188,0.755358687,1.34657307,630.2520164,2
11.85642351,2.041705835,1.839093823,19.53263638,85.92562179,2.537530754,1.600909812,0.314992763,1.420833202,2.392158322,0.78017387,2.683820124,414.6599807,1
13.19171334,4.069999171,2.829813067,22.59724838,101.8206015,1.819633132,0.608624602,-0.047198136,1.398276033,7.107679534,0.935938012,1.443287498,749.7080048,2
13.99264352,1.40310721,2.247970627,15.94151269,98.41200081,2.92204163,3.370612664,0.099285506,2.008341207,7.124697628,0.724041802,3.554687233,1044.910974,0
13.72635995,1.597499769,2.581318225,25.03829022,85.70742266,3.035402881,2.862684261,0.119810365,1.872323079,3.211156429,1.048656724,3.47001828,409.9321217,1
13.71540629,1.876030608,2.704255551,16.51936932,101.2125931,2.606459933,2.823839189,0.446754815,1.873497081,3.956775832,1.410429349,4.04550735,1035.084295,0
13.17479219,3.597629402,2.440384358,17.67101323,103.0011488,2.50664487,2.826217149,0.211458947,1.587934414,4.452517364,1.032066906,2.58511047,679.7348458,0
13.26903841,5.105525549,2.576052201,21.73090138,93.33141094,1.665845501,0.777755549,0.404244926,1.950574914,7.617619937,0.636259515,1.376323873,725.0000252,2
13.00460695,3.268981377,2.631843062,21.9519389,106.2056556,1.932560565,0.609276173,0.290141621,1.086330839,5.378939644,0.607442565,2.166291443,569.7174366,2
14.47411854,2.462465112,2.333127529,20.3646334,90.92628361,1.508381104,0.606811347,0.599974556,0.993212381,9.667441488,0.529757571,1.921421325,660.1221162,2
12.3547496,1.260387108,2.282336029,15.65701883,100.9364243,2.146088207,1.199745085,0.694032538,0.58695231,3.45587305,1.086812742,1.426039163,679.9319782,1
12.64778016,2.355795045,3.431703934,24.86608609,124.2487745,2.812110513,2.983749598,0.454823686,1.899519054,3.147808602,1.438566324,3.337938549,830.0534708,0
12.38433362,1.092792705,1.833279237,17.1294145,100.3639902,2.119649458,1.41510808,0.819696323,0.642518511,5.952985457,1.182646653,1.80735241,450.0195834,1
12.07276231,3.055482771,1.811464969,18.1638204,87.60743165,2.631115159,2.547311907,0.422892757,2.067233965,1.864594072,0.989605708,3.400330948,289.9525388,1
14.45260363,1.44449074,2.789307688,25.47219022,97.89104341,2.713761843,1.070778989,0.320575752,3.017497182,12.70165603,0.481749121,1.986448129,659.9504441,2
12.36872107,2.818696586,2.063538771,18.07210565,88.19515113,2.833873514,2.917611521,0.786130715,2.652815468,2.441505278,1.095816,2.393577634,406.0698357,1
12.9088867,1.629111094,2.731705462,18.22328389,97.92872833,2.39039935,2.940138701,0.258566061,1.002282814,4.752424524,0.861828625,2.709324881,1104.541737,0
14.37694401,1.650891126,2.750618933,14.4521593,95.77020828,2.729966811,2.47954833,0.265206081,1.742307874,5.259306286,0.899897427,3.786028639,1289.773773,0
12.05681092,1.239228282,2.818331167,18.0381076,98.06699666,2.344844176,2.525969128,0.43486457,2.533966574,4.835663108,0.92581613,2.045350552,677.7226706,1
11.96217718,1.631374493,2.176285449,24.46907809,88.20277284,2.087087684,2.635997558,0.165956396,1.882814114,2.564298297,0.812665433,2.554798197,341.7687709,1
13.08303983,3.246196924,2.40001581,18.60232906,97.97150801,1.931768245,0.943803108,0.780735608,1.891472262,10.22186569,0.220794019,1.427618695,674.6546778,2
11.74340379,1.873214276,1.973743831,15.95866023,96.79498247,1.660999637,1.447378729,0.330910901,1.249425584,3.423443051,1.482952483,2.324396666,427.7645191,1
13.53960411,1.697280206,2.323791952,24.03679289,87.04606563,1.742147766,2.463996033,0.530137001,1.015544604,3.93228379,0.917458394,2.735854841,472.0375323,1
13.43351377,0.777143723,2.564671593,16.97937246,109.8642812,2.332700428,1.194481793,0.692141479,0.220104734,3.065246995,1.219892922,1.855041938,749.8653937,1
12.96273812,0.812486739,1.735225691,15.93716591,86.04044566,2.066506573,2.204322758,0.185752658,1.811698834,4.856025206,1.424859938,2.478315688,392.1274361,1
14.0373607,2.223566811,2.463059136,17.54971067,104.7157344,3.183516189,3.368378725,0.063414819,2.575259717,6.147121894,1.160784465,3.219052729,1510.257913,0
12.26298043,2.70793537,2.046135336,18.11127123,88.1969307,2.657334908,2.061231488,0.231137791,1.964958565,2.147720664,1.140286938,3.404219426,290.297739,1
13.8563421,1.356168949,2.744771389,16.53565967,108.0574716,3.928452891,3.511471367,0.437326499,1.992787844,6.545077783,0.839176325,3.266410079,1285.028335,0
11.62403336,1.746822687,2.714734011,22.07345465,84.33832312,2.351927291,1.554644878,0.471287204,1.341140626,2.660283314,1.370287907,2.784777016,680.110031,1
13.46416474,0.69107549,2.164811775,17.23689775,110.015952,2.641842111,1.53869255,0.460788615,1.052083878,2.921719774,0.961048222,2.029080776,749.9142848,1
12.46257526,1.636167575,2.260387887,22.3199942,108.0940678,2.503931336,2.150401352,0.237605625,1.281756616,2.215961599,0.987140559,3.011691471,344.8377399,1
12.15682429,2.41437777,1.522996551,20.96527521,84.69346782,2.635781422,2.559379702,0.688952471,1.462874549,3.216700094,0.696083267,3.133729938,378.1380256,1
13.97174473,1.681683158,2.072852998,17.47509878,107.4423123,2.701472372,3.549525404,0.089340925,1.981130566,9.217279392,1.160585605,3.310846493,1260.223501,0
12.17531759,1.311649662,2.463958772,16.07267692,100.966776,1.774024577,1.238232823,0.659073435,0.525054665,3.374389361,1.394280737,1.472821613,680.3178496,1
14.01637045,1.678209601,2.668465873,15.59086555,127.2345545,2.860594908,2.809407003,0.465060466,2.10260366,5.63798493,1.174865681,3.827564545,1065.163166,0
13.04297343,4.710066039,2.73694176,25.0089253,111.8447289,1.953018634,0.689490481,0.51384277,0.805438852,8.816011277,0.806321321,1.862271695,630.1406565,2
12.61229006,3.577321787,2.253928694,16.11761226,79.90322495,1.608462708,1.102602907,0.34965768,0.502991176,3.376456506,0.660638145,2.132038461,371.9726119,1
13.13707023,2.489688057,2.262949097,19.87791058,88.90421078,1.268895181,0.527425079,0.072624901,0.763706202,5.803404397,0.747801824,2.24563487,780.047974,2
13.33874044,1.79281484,2.291722263,10.98327147,99.66724958,2.745101611,2.595038314,0.032682528,1.685000653,4.556004158,1.218718928,3.359585962,1050.004826,0
12.16061957,2.018177352,1.912601296,17.4407873,97.12300994,2.317103576,2.373147156,0.439288371,1.097790953,3.270846745,1.455464341,2.932605138,709.9654514,1
12.26587982,1.107888955,2.14854773,20.67844794,86.09806284,1.966091742,1.612727786,0.369267431,1.600735442,1.699764418,0.793690597,2.986458372,495.1914774,1
13.52177653,1.876921742,1.971944727,12.64970936,91.8828604,2.937125822,3.322985867,0.08958658,2.645210257,7.200614464,1.18251098,2.991824196,1150.176875,0
13.06493995,3.144186304,2.060907622,21.52551852,102.0680103,1.723517767,0.768807551,0.254127411,1.372280057,4.23393766,0.381401654,1.661681947,829.8854427,2
12.56013373,3.168518357,2.378841393,26.82819282,97.13813477,1.588818714,0.274947576,0.797099472,1.019751685,7.578684361,0.46141784,1.507636921,880.2836853,2
12.18982191,1.959623049,2.618902605,21.91062036,134.5087235,1.245449365,0.744134703,0.113052415,1.300376217,2.4932544,0.902841835,2.067962758,625.1880319,1
13.81394268,1.010985282,1.852650973,17.973391,93.77805742,2.392459555,1.862809646,-0.022571281,0.774690011,3.816377147,1.489240727,2.689827579,629.7138838,1
12.07096147,3.781514487,2.293030643,18.20433516,112.0269882,1.595454511,0.586387762,-0.053197532,1.144553216,8.130796587,0.485033453,2.062463714,855.508267,2
13.38686119,1.207355843,2.472412462,16.69395556,109.8601583,2.359759682,1.202478622,0.24968742,0.551481137,3.396031053,1.181528936,2.168944634,750.3960539,1
13.50607555,2.165943835,2.388497558,16.85787823,102.2141161,3.21257809,3.520234398,0.25220005,1.608090514,5.991099459,1.075766546,2.967720998,1269.838006,0
11.7266172,1.219997139,2.869633797,19.80332417,93.69031994,2.660581658,2.980979558,-0.060909745,2.326276027,2.739092689,0.900654467,3.244441265,680.3453616,1
12.57597555,2.877144724,2.543860786,21.96436467,105.9516347,1.601284686,0.903243548,0.651233051,1.165513903,5.533468109,0.982927365,2.123429323,569.9443815,2
12.15055925,1.894892261,2.154154044,18.78570278,81.02049509,1.921444526,1.411528412,0.825986172,1.808141083,2.125061065,1.093819991,2.386679687,479.712277,1
13.86896806,2.008302073,2.160655562,18.81906626,102.9329507,2.378904033,3.048705741,-0.118498491,2.73047632,6.594387125,1.063380756,2.691202767,1059.77431,0
13.52580361,1.469274107,2.671353464,19.39343752,131.4459682,3.095159212,2.611153286,0.670769196,1.68344249,5.295093956,1.101186444,3.199697442,1234.681141,0
14.54449498,3.304094827,2.144501357,16.15992758,101.81235,3.172055768,3.367329855,0.552364519,2.463288377,4.80268749,1.155910005,3.459481509,1064.973732,0
12.70639672,3.950172075,2.333992021,22.50723783,85.22464834,1.569116602,1.788206296,0.978505808,1.765803953,4.777273993,0.874173969,2.399841995,514.5607246,1
13.71274709,1.662850292,2.750895879,19.96634692,114.9989761,3.127044292,3.246437762,0.358383578,1.528498629,6.455881806,1.514042189,2.648665261,1129.956631,0
14.20444813,4.319854665,2.654787326,24.51145078,95.75647835,1.863144424,0.793757208,0.69235414,1.264607547,9.107385515,0.32299272,1.594667337,560.0816552,2
12.84940331,1.474640878,2.145006907,16.85641463,100.0487185,2.477459653,1.169694014,0.300810667,0.693071871,5.841198291,1.115314629,1.84925589,449.7665881,1
12.84858389,2.177577987,1.72280864,22.78169167,83.94493854,1.129724484,1.679565634,0.560881175,1.682120029,3.779909022,1.242980288,2.540807655,487.9764546,1
11.66813407,1.931949419,2.07699373,20.81103288,85.07548857,2.397857108,2.471482188,-0.14346348,1.417643834,2.91801775,1.25808848,3.573637977,377.8370459,1
13.19742483,2.516546242,2.40600004,19.58252103,119.9118169,1.6846479,0.828793861,0.576258895,1.350187788,9.057217596,0.256837435,1.556291861,840.0853776,2
12.29018853,3.622738019,2.42979138,20.84553739,88.19080192,1.948179172,1.039715283,0.524921826,0.978832486,7.412381028,0.594412139,1.389809135,520.0872793,2
12.24692096,2.08710118,1.369786852,17.23173986,96.38576168,2.658293577,2.140724595,0.221648911,1.275801567,3.068551662,1.405569146,2.729334396,709.9397979,1
14.22758338,1.027133132,2.495817479,16.93309475,94.86737434,2.162925088,2.336869087,0.406335009,1.7435097,5.097602129,1.428100601,2.925977634,1280.192482,0
12.2979029,2.708401501,1.968771175,20.72744764,97.87342674,2.827223233,2.146479689,0.60406797,1.060337206,2.534839296,0.91137007,3.102456744,437.9927367,1
12.76566383,2.101853405,2.434825301,19.26353488,85.70445751,1.629778159,0.776173975,0.526043963,0.678946763,9.757062705,0.618368765,1.841153895,469.9784172,2
13.18397532,1.777615728,2.349544015,11.38817987,100.2686972,2.830617582,2.724125825,0.278634725,1.484545623,4.352375287,1.227060088,3.313134684,1049.763464,0
12.54050014,1.184043774,2.110246301,21.64503872,86.02076927,2.884391867,3.07963864,0.672893619,1.582574253,3.870969248,0.780589586,2.752759172,351.9292947,1
12.94377675,1.590867183,2.432009499,29.81547211,138.9615706,3.25194491,3.048499113,0.111400756,2.147833442,3.137830679,1.576400348,3.632436794,985.1936026,1
13.07422379,3.944356799,2.056310793,21.873503,112.7410308,1.658950092,1.05948312,0.259040362,1.137216562,9.275710655,0.416216852,1.576773691,550.1260789,2
12.74123773,4.096694889,2.152229699,21.44270944,113.0182007,1.1926371,1.192292282,0.104656576,1.132520865,9.49356953,0.484813562,1.338510641,549.5768564,2
11.86315086,4.358109236,2.468619252,20.8443323,82.21233406,2.961347383,2.97178523,0.364152518,3.045445776,3.134954309,0.900908022,3.543490198,379.9573467,1
12.72707091,1.983933068,1.7652743,12.33183696,92.09337941,2.742984811,3.366667936,0.085268923,3.21317948,6.976228853,0.968580146,3.008527354,1149.695456,0
12.9935946,3.914611868,2.509697702,22.34659015,84.74950963,1.485894745,1.989775337,0.356800919,1.40354917,4.708782404,0.710777899,2.20374566,514.8331025,1
14.24991281,2.106116861,2.762826093,17.55926836,121.329836,2.929994567,2.618208466,0.586623818,1.168942092,4.845360466,0.836952222,3.453877051,1294.738733,0
12.4255709,2.036543936,2.494781749,18.46329145,81.19117914,1.448263301,1.251683535,0.423171006,2.085841916,2.530929195,1.216322383,2.011239241,480.3620505,1
14.03445734,1.622378127,2.302249355,16.28178709,118.0254541,3.243641484,3.025250823,0.030632785,1.569622905,6.099964171,1.172291256,3.4086556,969.7952931,0
12.91525133,3.41217439,2.089380071,19.74170491,87.59145001,1.389666914,0.627311253,0.419652378,0.880923142,10.1820942,0.821768413,1.65827249,684.8065064,2
13.51130339,2.770156438,3.14377567,21.1136694,118.4039402,2.803016883,2.385450694,0.617799326,1.97904413,4.269870588,0.943601416,3.07361858,734.6783493,0
13.77437946,4.756909788,2.202594583,20.10788,91.882658,2.134883839,0.657686487,0.419274243,0.922029953,4.281727316,0.950866781,1.67570969,549.7779965,2
12.19351808,4.674173429,2.792421758,26.85459149,102.1560602,2.345362301,2.128418668,0.10351966,1.572121479,1.834115722,1.006473027,3.353765934,365.1512352,1
13.41892593,3.085127551,2.344220342,23.33699674,97.51052754,1.96229299,0.361809597,1.067270471,0.623876983,4.247405861,0.862133894,1.577438189,519.5141613,2
13.5733937,2.425270261,2.543125031,20.18918476,88.97033583,1.000991469,0.620644091,0.237942969,0.329146498,5.264106626,0.723349286,2.484795141,780.0562166,2
13.83360022,1.703369143,2.253843669,20.62695034,115.852559,2.986653335,2.94482059,0.338097066,2.532115779,6.189909096,1.140762058,3.258233139,1119.660221,0
13.68734254,3.267245352,2.818428922,23.68500995,97.02683083,1.380925796,0.549353092,0.386507478,0.528518611,4.226876364,0.978488533,1.915784228,519.8046191,2
13.74580613,3.523078411,2.478437237,15.1774573,116.2142234,2.739938032,2.867978413,0.171126376,1.781377917,5.13331068,0.779228816,3.290574194,844.859123,0
14.22451434,2.398805262,2.260419106,19.85651402,90.7183989,1.44521482,0.871390368,0.39506561,1.084028274,9.682080584,0.752923169,1.653322769,660.1270316,2
13.0755613,4.005265492,1.75586093,17.79033853,103.423115,2.761393109,2.246014269,0.176808021,1.870999315,4.301280051,1.012101389,2.678391269,680.0813506,0
12.35429017,0.868866413,2.294123295,17.50972851,85.00846089,1.960615005,0.313340135,0.313597563,1.547763437,5.099414493,0.72317821,1.751588082,649.6805725,2
12.48336174,1.33905981,2.373542727,24.24399649,87.9138722,1.995625999,2.676547124,0.254673304,2.114458363,2.133198759,1.089236653,3.024541587,341.8672496,1
14.05471305,1.941830973,2.471072856,15.52129065,89.06565195,2.518867394,2.859863244,0.504757763,1.918610312,5.497254193,1.384288021,2.978046336,1319.529219,0
11.5737895,1.969853583,2.696882826,28.52825101,91.77925286,2.45053532,2.056377755,0.549437174,1.767853823,3.105073077,1.125714363,2.431167722,465.9924083,1
12.96447686,2.065244388,3.034033043,25.14209558,124.0693438,2.628574509,2.300670877,0.576243263,1.926389882,3.610591543,1.279439947,3.044662212,829.7086528,0
13.50650217,3.95511628,2.460013958,23.26187404,101.9898241,2.13308634,0.392324485,0.684891682,1.45822377,7.169370839,0.385110496,1.332113251,749.8140869,2
13.29748286,4.727846024,2.584924609,25.20731162,112.0252755,1.95773746,1.114461389,-0.066263042,0.944822459,8.365455956,0.944681933,1.810629395,630.0335128,2
12.24741516,4.098020115,2.354431059,18.93405914,111.958808,1.41600509,1.066050512,0.195154704,1.135159815,8.219857866,0.547834472,2.103196134,855.0421516,2
12.6149932,1.515299882,2.270632732,16.06780542,85.07886142,2.28042198,2.507060293,-0.062545985,1.632237713,2.813038005,1.08827858,2.939116561,428.0337748,1
12.28472024,1.269186426,2.044631231,19.52944142,77.79580126,2.184667706,2.024937181,0.381565641,1.196061107,4.375580734,1.020496306,3.308005859,510.3713817,1
11.44413214,2.569335974,1.915107422,20.02130821,95.8309285,2.782995324,2.771630811,0.122452883,1.802009264,3.558138656,0.910962811,3.397587708,625.061692,1
12.96845735,3.323769769,2.428249036,20.82451812,101.8816201,1.481356172,0.374273829,0.664352949,1.163051536,3.963252917,0.844302529,1.774938572,829.8113369,2
11.45173831,1.755271061,2.224404657,18.19304438,97.98690644,2.703839905,2.30570725,0.117040712,1.71143406,3.110029761,1.023697043,2.750141463,344.8528852,1
12.29066835,1.136701218,2.301010861,19.81113597,103.0021778,1.518254718,0.747345547,0.598755323,1.385773478,7.362549228,0.585250852,1.52590647,640.0909967,2
12.49973232,1.393269032,2.277646091,20.92811285,86.04086972,3.001911498,3.201973255,0.568110742,2.023604345,3.40407803,0.703621119,2.91265653,352.0194483,1
13.30747898,4.376179223,2.571801927,19.72431413,88.5661863,1.810238996,0.667027199,0.428411139,1.650667909,8.964246288,0.471571567,1.560104974,480.2264145,2
13.07517431,3.46487982,2.063266985,18.18163548,105.9947247,1.612665556,0.75899629,0.327263614,0.890316805,5.118583885,0.940819011,2.0623313,675.353734,2
11.04756894,1.37301536,2.547009512,19.92826116,94.27574861,2.722337206,2.900988081,0.349370568,2.317678571,2.665117792,1.10862555,3.491909875,680.1926784,1
11.53035485,0.684880086,2.410718131,21.1489195,87.76638376,2.495231039,2.104122864,0.643261946,1.216408773,3.409421804,0.797530474,2.482375234,433.7587443,1
12.56461762,4.617535856,2.701081396,26.29287369,101.8308737,2.15035591,2.371493653,0.438612967,1.576201878,2.105465412,1.22024326,2.704136296,365.2894151,1
13.79980543,5.662355043,2.484797922,20.63404938,94.72580261,1.926146419,0.656800097,0.94774697,1.036995348,7.638033002,0.994390695,1.698147159,740.1748386,2
12.94846425,1.71602936,2.52650956,18.93886589,85.78627884,2.051884556,2.349064093,0.366694679,1.604672162,3.919756691,1.168857666,3.136503548,713.9642303,1
13.61887253,1.715012761,2.537921862,19.07389557,110.1616191,2.193460873,2.526582306,0.166274508,1.497345037,4.362947257,1.038903891,2.61759143,1095.24014,0
12.99259462,1.727998914,2.595427381,17.02864915,101.995325,3.051097754,3.216821015,0.171276635,1.480462925,6.125930657,1.119463567,2.803686798,1269.90402,0
11.63582294,1.352490056,1.805071788,18.78207512,79.95392161,1.757633585,2.249087649,0.673778038,1.753167168,3.738471669,0.950617931,3.083634098,510.0650255,1
13.28999721,1.985296175,1.926780233,16.73239125,106.5443973,3.09405828,2.611437581,0.38290609,2.138526392,4.865020496,0.877883978,3.629906249,884.6750625,0
12.55620936,2.323970595,2.775483964,21.36376269,97.92696727,2.75111462,2.034880695,0.261730684,1.44941572,2.847336682,0.685889519,3.422626757,437.7591232,1
13.89254312,1.477737702,2.986199805,20.07826163,114.845923,2.966726472,3.748310075,0.556521539,1.607548334,6.357705756,1.152567812,2.762972389,1129.911099,0
12.17739215,0.999421651,1.121788254,10.68235862,88.05745303,2.062099074,0.538789267,0.229950463,0.479207108,1.705177524,0.830907412,1.730073099,519.5414058,1
12.0603324,4.379452161,2.087108977,18.26077796,111.9532503,1.381589041,0.351092253,0.172231055,1.157117784,8.335854654,0.836983697,1.891435862,855.1422179,2
11.9314634,2.956909351,2.231886614,17.9658882,112.2878672,2.008295305,1.309898666,0.469769827,0.69969615,2.44374796,1.047353472,2.453136653,500.0945189,1
12.89238679,2.634397017,2.570928613,20.21520743,120.1138722,1.426560561,0.745402281,0.723136353,1.765155871,9.267177746,0.816415195,1.766345696,840.4577818,2
12.76569015,4.497553401,2.612452588,21.76854999,86.13219623,1.897872444,0.881241773,0.647554416,1.039850496,7.649026219,0.495783499,1.904196511,624.9373558,2
13.76724566,1.770060844,2.203215439,16.41711507,89.11302042,2.433007333,2.243274438,0.462822224,1.911182377,5.902054068,0.816366118,2.735866564,1319.785073,0
13.87688632,4.41509486,2.296616844,22.68466393,87.99658876,1.171887382,0.464793244,0.832306203,1.054821205,6.457859731,0.767986783,2.046611925,519.8310535,2
11.70564897,1.757575255,2.294435574,18.39453838,98.12340952,3.465309236,2.444072803,0.011723374,1.181005399,3.529510182,1.19780428,2.819285863,345.2555831,1
13.52369472,1.956989429,2.592873072,17.36232158,104.3604431,2.83452007,2.735769077,0.503354882,1.853372778,3.896839059,1.546514964,2.837586823,990.1889574,0
11.88296686,2.166808337,2.034638256,17.51316273,97.90880275,3.175019456,2.447529262,0.071611166,1.467106896,3.384201361,0.889177467,2.979335267,344.8828916,1
13.03136259,2.23802514,2.389262794,18.43993263,100.9642591,3.008416486,2.871325793,0.366798369,2.961778626,5.343482468,0.793886967,2.851494869,1185.227926,0
12.90068449,5.986219411,2.134752232,21.37017867,86.46306821,2.746900094,2.729494677,0.536615055,2.057145584,2.832073016,0.792569861,3.000568307,380.0160378,1
11.74863479,1.676804519,1.973148999,23.34578968,69.76719808,2.062927722,1.848350323,0.138588814,1.024389962,1.371153913,0.940840115,3.46051501,624.9795542,1
13.14761287,3.445218737,2.182578074,19.48886833,88.0544374,1.48598919,0.268562004,0.237411057,1.325744014,10.24227689,0.622063235,1.727273825,684.9530504,2
12.48529629,1.947370566,2.359721362,22.14505514,108.1075825,2.358946517,2.242147248,0.41758048,1.652936255,2.172803976,1.346112806,3.182831902,344.8722084,1
11.83593852,0.957988757,2.563290935,22.68135885,83.82100455,2.509667572,2.50942783,0.270959012,0.675439378,3.017771349,0.81022452,3.050023775,384.7371635,1
12.43380079,2.412313521,2.482156253,18.23756105,87.97552856,2.392272985,1.864440601,0.301427706,2.016935728,2.326032586,0.822998447,3.229029842,290.0931098,1
11.86790434,1.652051999,2.601569518,21.75569582,86.09587876,1.574237216,1.164741911,0.380924453,1.622941503,3.659859825,0.82499321,2.850252718,449.9465588,1
14.69822229,1.979855051,2.278057433,15.24945455,112.0655166,3.384771282,3.366463666,0.514390139,2.247541722,6.917243032,1.258321711,2.821648302,1449.995328,0
12.80229871,3.515761171,2.487093112,18.8077158,106.2466194,1.856482057,0.760288338,0.437055697,1.111994522,5.495049371,0.89078262,1.769981346,674.9501806,2
14.75872918,3.729708584,2.190925789,18.76678946,111.1739757,2.957607492,2.64667174,0.206992321,1.238495501,5.049090873,1.079378171,3.338401457,1079.673441,0
12.85717904,4.751176902,2.728767515,21.57397183,85.60339795,1.779375915,0.579856693,0.255162393,0.932351874,7.615362804,0.630203721,1.871537959,624.6166434,2
14.10817324,2.006022989,2.70491624,16.76488828,112.6595796,4.209467869,3.327775318,0.279630696,2.326569507,7.8075464,0.936851544,3.390865042,1480.096725,0
12.64633577,2.69782851,2.433822436,19.44780759,85.87385435,1.635478466,0.546658627,0.799681354,0.931963463,9.951083981,0.440962904,1.788808439,469.873572,2
14.06507025,1.84721141,2.824935555,19.80638436,120.1867846,3.109229194,3.559105367,0.157534508,2.105892832,6.331421914,1.031713836,2.644030236,1280.242259,0
14.14578173,1.992326791,2.267803122,18.76525782,103.2814372,2.989468037,2.826660198,0.284068361,2.589368788,5.992432617,0.909680097,2.859058439,1059.729549,0
13.07553235,3.167872789,2.448125386,18.67111079,98.16221375,1.720010432,0.957150914,0.688262428,1.576325892,10.42107296,0.527259308,1.520010774,674.5135543,2
12.51865525,1.798293414,2.735071657,22.41514789,108.2676515,1.978702703,2.324597321,0.123669557,1.507656012,2.296078089,1.312807672,3.0931524,345.1084261,1
14.22591659,2.016009326,2.593191983,16.6842563,113.205437,3.773069179,3.564792393,0.488185138,2.214971632,8.092498887,1.141863087,3.278489824,1479.920987,0
11.86670666,2.58259689,2.688827619,20.08150278,102.7894717,1.778964813,2.225132923,0.299865624,1.071670212,3.898076769,1.234394506,2.645160031,606.8109059,1
12.03267414,1.114844291,2.242059296,20.89745993,100.7452817,3.397188019,2.10718902,-0.013539951,1.673089849,3.113078846,1.206363104,3.397753923,886.1526699,1
13.47947338,3.235545208,1.910231842,19.64626993,87.7917865,1.571844645,0.221575947,0.37344373,0.812377828,5.381616197,0.767168632,1.73680389,579.9712878,2
11.32608861,2.278405568,3.184403826,28.52627087,119.5093748,3.502607449,5.529595086,0.592927357,1.893956191,5.879767404,1.018526326,3.737893084,465.0122444,1
12.37883321,2.494388741,2.320685559,22.23213712,89.84071257,1.548637349,1.745899547,0.343800554,1.689067631,2.635243309,1.110348191,3.063088148,314.9339421,1
11.59908529,2.545193096,2.488377188,21.84928351,134.1670642,1.705124864,0.930961862,0.233918202,1.543202899,2.406746407,0.792592891,2.527404729,624.9102679,1
13.01426594,1.384699507,1.93689074,22.78682227,84.12110555,1.429787252,1.995888581,0.760788075,1.647498146,3.537173123,1.33496025,2.590825346,487.9756427,1
11.47677397,1.943000776,1.857628634,16.16638418,96.83927368,1.793969184,1.536611762,0.29482635,1.252435893,3.634661366,1.398989097,2.187427751,427.9120828,1
13.84146192,1.562361365,1.855705019,15.8587433,100.9283158,2.797407195,3.117364012,0.128546651,2.37455922,6.087223865,1.057172864,3.31702841,985.1213335,0
13.42691431,1.639251156,2.398213826,16.24395644,93.3822164,2.92707732,2.696149334,0.089921372,1.185771504,5.119597145,0.88134708,3.27397413,1195.478014,0
13.03012189,1.887249839,2.750876558,25.06054977,124.0934358,2.596679644,2.760267392,0.472589477,1.928047558,3.695164448,0.762195113,3.176593246,830.0504086,0
12.76862021,0.793330984,2.244751715,17.71127019,99.19527396,2.187770067,1.820472207,0.422018141,1.635550136,2.826053086,1.223898908,3.243423395,449.620924,1
13.43604737,1.472020189,1.80816213,12.56369793,91.68622148,2.8938386,3.369663741,0.456407964,2.740009646,7.046725681,1.24654668,3.019835448,1150.1554,0
14.85839854,1.967558449,1.895175473,13.74837234,96.96860882,2.716942203,2.756215396,0.299184236,2.404822773,5.291529174,1.422156915,2.867506107,1045.182542,0
13.81982349,1.562894117,2.767912789,17.09325296,94.39811235,2.682603982,3.342506808,-0.034989307,2.050793739,5.586813104,1.319090057,3.501913582,1265.12226,0
12.95740362,1.401025093,2.789243847,17.92858771,98.20706131,2.958302948,2.59257994,0.435103169,1.295893123,4.263220526,0.760188511,2.703642289,1105.137353,0
12.08100558,3.067462431,3.101216101,27.0410533,96.75290484,2.144243908,0.82970173,0.499095771,1.110327522,7.701352042,0.669257587,1.671394353,880.1965349,2
12.38622752,0.791303293,1.684324364,10.6085926,87.91056285,2.104520913,0.566297372,0.267730688,0.416250918,1.792570594,0.76900597,1.915220886,520.0580679,1
13.41893068,3.351459444,2.27841023,21.64236526,92.06648297,1.8093682,0.974957311,0.210130314,1.482299234,8.632036065,0.377323256,1.855324214,650.1019587,2
13.87132689,1.758770502,2.74106831,15.99767433,107.9594557,3.0477028,3.588175937,0.523706601,1.750256141,8.707607224,1.441680992,2.983542144,1679.959283,0
14.40071008,1.759122067,1.809788929,11.91115189,102.067155,3.114454586,4.139442169,0.05860772,3.000198365,7.943445231,1.22981015,2.916623181,1547.058943,0
12.98162151,4.148210136,2.461090055,19.9446503,120.020419,1.747657793,0.251766315,0.342730589,1.13960435,10.47203871,0.497126597,1.44753603,834.8111023,2
12.19334027,1.272353169,1.751620898,16.85301187,151.1752689,1.839196714,1.026959383,0.267104976,2.113620258,2.82426446,1.037737342,2.773445895,717.9497304,1
12.98303447,3.263311987,2.339379237,20.53188111,101.7453498,1.53866841,0.561483932,0.469230731,1.046436324,3.8721137,0.694314645,1.594452527,829.9875198,2
13.3256482,4.540790333,3.067653121,24.92798286,112.0122089,2.118690276,1.216029593,0.438093244,1.066148399,8.306578269,0.638572405,2.021295694,629.8094039,2
13.97453452,2.0823807,2.745830088,20.13636384,120.0290745,2.849317883,3.205325633,0.362194331,1.813444702,6.413758946,1.064305992,2.550853331,1279.776458,0
13.73450054,1.312030164,2.883374052,24.59930779,86.15390736,2.975873217,2.769712151,0.377926916,1.928338211,3.400054673,1.500325222,3.323708375,410.2716619,1
12.69279046,3.917049236,2.05806196,22.96999114,100.7408076,2.542656767,2.47846809,0.555529348,2.119479259,2.890589653,1.45364277,2.721696638,462.9953906,1
11.64873397,1.626558854,2.661105097,26.01043196,87.99720621,2.27217374,1.232227054,0.31211733,1.14483496,2.38043964,1.41924366,3.342372699,561.9003095,1
12.01986067,1.334521335,1.907425925,19.30061372,92.25544309,2.414125716,2.270593121,0.531140144,2.058729216,2.745357984,1.123737636,3.180581507,311.9151637,1
12.14470416,2.416931782,2.03839759,20.98404983,87.91720142,2.525831983,2.407005664,0.234480249,1.121870945,1.950375097,0.958568703,2.994307667,324.9104166,1
13.08627733,2.322875874,2.597225494,25.73394335,115.9862099,2.171387736,1.230837687,0.74235346,1.869013492,7.444514433,0.497051625,1.464596179,425.1034866,2
12.2262748,2.79142969,2.398333753,18.76424346,95.72868763,1.174578996,0.784494882,0.281171812,0.591483102,5.701458471,0.71109676,2.062334821,509.9406168,2
11.70616806,2.694166143,2.165909013,18.10590888,112.0363461,1.799032331,1.10967736,0.458402958,0.918335702,3.254098855,0.946983607,2.766984275,499.9362571,1
12.06053501,1.343847913,1.951120971,19.57087366,78.01949033,2.155259714,1.875812338,0.351608833,0.680271713,4.658380772,1.342725375,3.431549859,510.085799,1
13.85155397,1.993003837,2.350791446,17.40489212,114.7513469,3.120569234,2.983815388,0.390426715,1.629523504,6.228776413,0.853274374,2.953136495,1374.497743,0
13.35232922,2.424418556,2.780679844,24.13834308,105.1495987,1.307414011,0.965112381,0.60780705,1.677975546,8.443525909,0.912869321,1.713626574,749.7756862,2
13.87208386,2.924541818,2.556396174,24.36939507,104.9976872,1.892405529,0.9656632,0.475266985,1.749223827,8.498760316,0.793865403,1.953609665,749.7893528,2
12.6736375,3.486341924,2.659439464,22.07742639,105.7427204,1.663975019,0.513986825,0.792755452,1.407069419,5.623238158,0.728641068,2.007341245,569.8090801,2
12.75134877,3.054083899,1.910504645,19.89691762,104.1390819,1.014569063,0.919237796,0.470654317,1.057798474,5.533980465,0.51198515,1.241426045,530.0971149,2
13.42501274,2.045841184,2.751627332,17.36419054,112.1558611,3.125471788,2.597461356,0.558402016,1.47258017,6.863225343,1.856377398,3.018382183,1309.845396,0
13.59158593,5.062218275,2.327756131,20.20703964,92.39261421,2.154196405,0.648026961,0.47627021,1.146262589,4.804603276,1.158884169,1.802325009,549.9534738,2
13.89357634,1.373836575,2.016381772,15.94548372,98.17215694,3.097103021,3.2385037,0.411103623,1.60338287,7.320477958,0.907974166,3.277072297,1044.618007,0
13.28144489,1.42708383,2.319993647,17.24083112,93.77392209,2.037971458,1.894425811,0.29711602,1.076812938,4.155361871,0.922170579,2.822615541,1284.983276,0
12.9447857,1.933759495,2.324669612,22.61765651,83.87422787,1.358615563,2.00052189,0.466518954,1.662379476,2.840013419,0.90296076,2.526876352,487.8636572,1
14.21878854,1.505985622,2.455018065,24.77329361,97.82871853,2.976709276,1.356514114,0.565083565,2.668170018,12.67518137,0.788239129,1.820290498,659.9941502,2
13.24985386,1.802094716,2.36771979,25.75218922,115.8516985,2.160698368,1.52245303,0.42929671,1.754962165,6.869857337,0.300046023,1.159936874,424.7716851,2
11.46745547,0.820726705,2.575718618,21.13073705,88.31602788,2.51687553,1.897835303,0.512995587,1.178430085,2.755518509,1.18796445,2.382402338,433.8979354,1
12.41843998,1.924578572,1.89674381,21.37430021,85.6113839,3.176667044,3.208102122,0.836205295,1.797485466,4.026244758,0.462359777,2.746204498,351.8184118,1
14.06257728,2.085343513,2.183412412,19.01592448,102.9692695,2.599228723,2.901529345,0.631429023,2.467832193,6.308131175,0.813627331,2.729901287,1059.876448,0
12.33856132,1.189874881,1.938451657,18.85773985,91.69500212,2.56390059,1.817188063,0.401070648,2.096777587,2.881054015,1.126077984,3.077550541,311.7811248,1
13.36853988,2.021243138,2.676464125,20.54437923,100.3294079,2.890530733,2.504488691,-0.042528663,1.836980957,5.040490914,1.177067096,3.42984265,919.7323317,0
11.8520082,1.943909415,1.456559451,19.54831008,86.029303,2.414972309,2.019453352,0.461457943,1.685838257,1.876243108,1.204995541,2.331558399,414.9677229,1
12.28717707,1.26535877,2.97700097,17.69630501,98.3114448,2.755788285,2.901739425,0.59557535,2.26699152,4.505758376,1.211956876,2.556666907,678.1204353,1
12.16391117,1.431409625,2.386136937,19.09829987,87.32333993,3.448696462,3.254949327,0.186227378,2.116210438,4.578000387,1.199880306,2.73797225,420.1620373,1
13.01169248,1.492363191,2.075772895,15.43513694,98.08838559,2.437355759,2.649534793,0.058433198,1.376646233,3.379475188,1.341031935,2.946090211,1020.258403,0
13.90315011,1.57737563,2.315838108,15.569986,112.1435694,3.398810915,3.312939939,0.480156461,1.767526715,6.754885419,0.917908808,2.604606518,1449.717295,0
11.7026566,1.0420118,2.580812872,21.31601563,101.1594678,3.33651788,2.097058352,-0.199424362,1.791811837,3.468914794,1.007849158,3.01912329,886.0643678,1
11.34341724,1.306902768,2.007213616,21.13114183,85.19738515,2.582359318,2.390831426,0.480194109,1.954150036,1.853120921,1.537377489,2.721359573,407.0240264,1
13.54657321,1.805114906,2.695391402,17.51237264,93.95299349,2.668927151,2.992061378,-0.042155358,2.070750336,5.251876718,1.515559654,3.518358399,1265.025233,0
12.69313588,2.765113126,2.870039685,21.76743442,112.0011206,1.474549369,1.195938237,0.691209745,1.415953913,10.89801083,0.251683567,1.795149875,479.7167813,2
12.04473744,3.533624577,2.34474773,19.22380167,87.16385176,2.226381372,1.896522723,0.342092019,1.604132912,1.006289898,1.091221139,3.104702933,564.1756657,1
13.742135,1.708732234,2.66650667,17.12387926,114.7798024,2.839622429,3.116581852,0.405426992,1.296765802,6.071413597,1.269307845,2.987804541,1375.305196,0
12.96686353,2.528185859,2.327850504,21.86826969,112.0320645,1.381815278,1.51430346,0.185687038,0.946806695,10.83433407,0.476789923,1.52320392,480.0924547,2
13.60366821,1.643090883,2.354991099,15.93444774,100.8724622,3.018802796,3.373848909,0.255275594,2.195272008,6.159908529,0.915993215,3.319647929,985.4954228,0
12.29328853,4.768264124,2.171591947,20.98658497,89.34207106,1.501966774,0.632255393,0.572511526,0.681097993,4.195645485,0.521836635,1.30310128,720.0169381,2
14.07926458,1.668910979,2.460861485,15.58083457,95.75576275,2.608321225,2.575483434,0.436470741,2.024709601,4.739980818,1.130487219,3.63163626,1034.947927,0
11.35707891,1.68326707,2.132564817,16.25006752,96.87641645,1.396375719,1.696855715,0.207721678,0.959652031,3.903562871,1.087288191,2.245824102,428.1299438,1
14.02628653,2.134628799,2.43268565,17.70430446,104.8450341,2.856327841,3.168080386,0.448545496,2.164700343,5.948614505,1.22257236,3.219849077,1509.818274,0
12.95312175,2.970380277,2.429079583,19.94313934,104.0772073,1.273153854,1.264531285,0.350790793,0.669535379,5.056161139,0.72203159,1.696214262,529.8561305,2
13.50928061,1.651190468,2.773048061,17.0765371,112.3636317,2.902764308,2.988043019,0.245679172,1.738521584,7.334052634,1.281530575,2.811135491,1310.002332,0
14.79861112,1.627392146,2.279271499,14.18910006,97.20006382,3.19724955,2.9665055,-0.080204167,2.204650175,5.495015716,0.964049016,3.088287337,1045.387459,0
13.62623564,3.742893513,2.189210607,18.68381577,90.04698166,2.288615282,2.438900125,-0.152119757,1.563608376,4.109104162,0.610885966,2.986273079,1034.9389,0
13.34341069,1.571562716,2.687150367,15.24624324,110.1201685,2.165999127,2.630770959,0.328310938,1.195701936,4.466165321,0.918064415,2.61942482,879.8505957,0
11.82489045,2.363130007,3.04905782,21.64992218,133.7990589,1.722869206,1.178210041,-0.421857924,1.621454801,2.41236524,1.054316011,2.460684808,625.535536,1
12.57584004,2.973408042,2.666881601,23.77387745,101.0831584,2.064469166,0.282137513,0.357589923,1.175650553,4.649622604,0.944086071,2.246099712,590.1989046,2
11.82004749,1.803006703,2.196628341,15.52911102,96.98933443,1.460759388,1.979862735,0.404840609,1.344865414,3.832642685,1.106122887,2.425972206,428.0105486,1
11.75956262,2.171999799,2.416098787,21.11322612,85.41164781,2.463776798,2.466546354,0.34202972,1.412472979,2.777087234,0.662355721,3.329227144,378.0403987,1
13.09439032,1.728710089,2.253106091,10.80355775,99.69994973,2.607758444,1.999556003,0.382307951,0.991366436,4.680112605,1.145200103,3.270191618,1049.886952,0
13.33452174,2.336930511,2.928588949,20.9984919,117.9136047,2.736413436,2.753815218,0.129309892,1.678500878,4.437091258,0.822646694,2.697254119,735.3392009,0
13.39420539,2.006167437,2.165847394,16.24296275,88.88805811,2.406646608,3.18362083,0.403760098,1.804197453,5.763055399,0.911711036,2.767361809,1320.188253,0
12.23614871,0.684127042,1.752238467,10.45332462,87.97710246,1.976949184,0.324224585,0.42631312,0.4936505,1.923702802,0.764422693,2.284287399,520.0081022,1
12.23039388,2.550916163,1.899669018,21.29234644,88.04428748,2.684261741,2.161865047,0.329530889,0.959919672,2.090701868,0.776107033,2.704008702,324.8609729,1
13.53642854,4.245957608,2.80465473,19.53146422,88.68917325,1.520670565,0.885796716,0.333055257,1.697925698,8.888291641,0.256324771,1.932801952,480.238336,2
11.61044828,1.519099412,2.788323499,26.24539596,87.71730467,2.23936254,1.483447406,0.303039469,1.574375374,2.813659178,1.657669367,3.421435438,562.2361763,1
12.26902065,3.596086914,2.267162787,18.32089639,88.28543108,2.680311017,3.069164704,0.87658488,2.800335767,2.309699823,1.019558796,3.023179584,405.7609328,1
11.64767381,1.022050675,2.468728971,17.86985865,94.26057001,2.352338259,2.044457593,0.432541151,2.207534201,3.03569381,0.664290669,3.289411064,520.0623754,1
11.84904815,1.092383739,2.812738233,18.77040185,104.0100856,1.669532288,1.942041742,0.529917206,1.196227174,3.00038662,1.807956692,1.824599289,355.0906978,1
11.74455661,3.021496783,1.726935744,19.08638956,87.25315967,1.769094256,1.459243781,-0.018852963,1.906056096,0.747783998,0.843288231,2.86894391,564.1863158,1
11.48854732,1.754943343,3.47959594,28.16721407,119.0999208,3.141563046,5.039050037,0.433217287,2.104007966,6.283326976,1.129411565,3.625734727,465.1170122,1
13.92381833,1.325753586,2.847336413,16.84833749,108.0367066,3.247577872,3.830096864,-0.012605076,2.091866499,6.712319281,0.981048906,3.003114446,1284.719276,0
13.64082149,3.150062511,2.28747533,24.113158,122.8128135,1.627718316,1.892492249,-0.059703434,1.220701355,8.785292446,0.480368944,1.284870098,500.2685565,2
11.77804493,2.898117316,1.861364393,18.13203909,112.1141692,1.569736334,1.095120571,0.368353088,1.191231276,2.683655561,0.839618348,2.203743293,500.1747906,1
11.57417927,3.915275599,1.660457899,19.41704027,107.0773987,3.04489002,2.769985133,0.122678051,3.271354608,3.006059433,0.239438768,2.687034829,562.0131455,1
11.86567099,0.972351128,2.673599336,17.79954697,94.16911834,2.12084519,2.214153341,0.455130072,2.047690461,3.09554937,0.385045134,3.450678542,520.2440932,1
13.51370013,3.026718099,2.468438669,23.24004848,97.21272089,1.555334026,0.566873976,0.889085211,0.677254627,4.28470482,1.137095513,1.806730156,520.1798407,2
11.46260585,2.0832835,2.584142134,21.43094427,84.08356739,2.437438883,1.914842188,0.325910234,1.722975218,2.945787014,0.978136232,2.737108658,679.7201917,1
12.59595427,0.753218005,2.531858789,17.9305519,99.01236557,2.203691972,2.160008404,0.471189509,1.8271722,2.349595927,1.247781078,3.327500086,449.8655425,1
14.35290367,1.937903104,2.620588319,16.61380987,112.8934006,3.807228355,3.560841651,0.257477932,1.928984195,7.79391362,1.040791871,3.575747331,1480.025846,0
12.03217201,1.464798498,1.561986624,15.73594699,85.04081453,2.675264019,2.393432383,-0.222659977,1.670538317,2.900764309,1.478163412,2.791434509,427.7287973,1
